{
  "google_live@8000Hz": {
    "type": "bursty",
    "mean_interval_ms": 19.077512953016495,
    "max_gap_ms": 172.46651649475098,
    "variance": 1829.9417128181024,
    "optimal_buffer_ms": 200
  }
}