{
  "google_live@8000Hz": {
    "type": "bursty",
    "mean_interval_ms": 21.956088125537587,
    "max_gap_ms": 11287.271976470947,
    "variance": 37601.135093486904,
    "optimal_buffer_ms": 197
  }
}