{
  "google_live@8000Hz": {
    "type": "bursty",
    "mean_interval_ms": 21.245719268744384,
    "max_gap_ms": 1242.8510189056396,
    "variance": 6623.4045867881705,
    "optimal_buffer_ms": 197
  }
}